{"train_loss_step": 1430.0728759765625, "browserFamily_loss_step": 149.70530700683594, "deviceType_loss_step": 84.41419219970703, "os_loss_step": 319.6099853515625, "country_loss_step": 876.3433837890625, "total_train_loss_step": 1430.0728759765625, "browserFamily_train_micro_acc_step": 0.3777777850627899, "browserFamily_train_macro_acc_step": 0.15344783663749695, "deviceType_train_micro_acc_step": 0.5031055808067322, "deviceType_train_macro_acc_step": 0.34583333134651184, "os_train_micro_acc_step": 0.3351648449897766, "os_train_macro_acc_step": 0.1603466272354126, "country_train_micro_acc_step": 0.0833333358168602, "country_train_macro_acc_step": 0.011111111380159855, "epoch": 0, "trainer/global_step": 15, "_timestamp": 1699829962.5195887, "_runtime": 44.808653593063354, "_step": 15, "_wandb": {"runtime": 45}}